customer_id,gross_revenue,avg_ticket,recency_days,frequency,total_invoices,items,products,avg_basket_size,avg_unique_basket_size,returns_qtt,cluster
12583,6705.38,28.9025,2.0,0.04032258064516129,15.0,5028.0,232.0,335.2,7.6,50.0,1
15291,4623.3,45.326470588235296,25.0,0.04011461318051576,14.0,2102.0,102.0,150.14285714285714,4.357142857142857,29.0,1
14688,5630.87,17.219785932721713,7.0,0.05722070844686648,21.0,3621.0,327.0,172.42857142857142,7.0476190476190474,399.0,1
17809,5411.91,88.71983606557377,16.0,0.0335195530726257,12.0,2057.0,61.0,171.41666666666666,3.8333333333333335,41.0,1
15311,60767.9,25.543463640184953,0.0,0.24331550802139038,91.0,38194.0,2379.0,419.7142857142857,6.230769230769231,474.0,1
16029,72882.09,302.4153112033195,38.0,0.18452380952380953,62.0,40207.0,241.0,648.5,0.6935483870967742,8004.0,1
12431,6382.45,27.392489270386264,35.0,0.04424778761061947,15.0,2899.0,233.0,193.26666666666668,10.8,50.0,1
17511,91062.38,94.5611422637591,2.0,0.08333333333333333,31.0,64549.0,963.0,2082.2258064516127,14.612903225806452,1535.0,1
13408,28117.04,58.82225941422595,1.0,0.16621983914209115,62.0,16232.0,478.0,261.80645161290323,3.774193548387097,104.0,1
13767,17220.36,46.79445652173913,2.0,0.09946236559139784,37.0,7322.0,368.0,197.8918918918919,1.4864864864864864,64.0,1
15513,14758.220000000001,47.91629870129871,33.0,0.05571847507331378,19.0,5709.0,308.0,300.4736842105263,9.631578947368421,164.0,1
16218,3084.68,36.72238095238095,29.0,0.020289855072463767,7.0,2088.0,84.0,298.2857142857143,8.0,11.0,1
14307,2995.72,16.642888888888887,88.0,0.02097902097902098,6.0,2058.0,180.0,343.0,25.0,0.0,1
17920,4192.2,6.031942446043165,4.0,0.04594594594594595,17.0,2514.0,695.0,147.88235294117646,23.88235294117647,0.0,1
13694,65039.62,114.50637323943663,3.0,0.1347708894878706,50.0,63312.0,568.0,1266.24,7.32,1504.0,1
14849,7930.54,20.439536082474227,21.0,0.0708215297450425,25.0,5694.0,388.0,227.76,6.36,38.0,1
16210,21076.3,172.75655737704918,1.0,0.045576407506702415,17.0,7558.0,122.0,444.5882352941176,4.294117647058823,0.0,1
17377,4100.92,9.810813397129186,23.0,0.05698005698005698,20.0,2076.0,418.0,103.8,9.5,1.0,1
12748,32317.32,7.056183406113537,0.0,0.5508021390374331,206.0,25511.0,4580.0,123.83980582524272,8.572815533980583,1535.0,1
12662,3543.78,16.10809090909091,0.0,0.029411764705882353,11.0,2041.0,220.0,185.54545454545453,11.636363636363637,18.0,1
12433,13375.87,31.847309523809525,0.0,0.01871657754010695,7.0,11071.0,420.0,1581.5714285714287,31.285714285714285,0.0,1
14911,140450.72,24.7577507491627,1.0,0.5335120643431636,199.0,80263.0,5673.0,403.3316582914573,8.974874371859297,3332.0,1
17841,40967.72,5.226807859147742,1.0,0.3324396782841823,124.0,23053.0,7838.0,185.91129032258064,10.661290322580646,203.0,1
12472,6068.11,18.277439759036145,32.0,0.020710059171597635,7.0,4120.0,332.0,588.5714285714286,31.142857142857142,128.0,1
13093,7832.47,49.260817610062894,275.0,0.08080808080808081,8.0,3961.0,159.0,495.125,12.125,18.0,1
12921,16587.09,23.037625,9.0,0.10136986301369863,37.0,9526.0,720.0,257.4594594594595,6.297297297297297,72.0,1
13468,5704.97,18.89062913907285,1.0,0.09919571045576407,37.0,2589.0,302.0,69.97297297297297,4.972972972972973,8.0,1
16928,2839.65,13.652163461538462,80.0,0.05782312925170068,17.0,2113.0,208.0,124.29411764705883,4.0,20.0,1
13777,25977.16,131.86375634517768,0.0,0.08823529411764706,33.0,12897.0,197.0,390.8181818181818,1.0909090909090908,90.0,1
18229,7276.900000000001,44.37134146341464,11.0,0.05509641873278237,20.0,2488.0,164.0,124.4,3.3,0.0,1
14606,12021.65,4.455763528539659,1.0,0.24396782841823056,91.0,6215.0,2698.0,68.2967032967033,8.978021978021978,245.0,1
19014,6308.16,10.673705583756345,373.0,1.0,1.0,1477.0,591.0,1477.0,589.0,0.0,1
13576,6717.34,53.312222222222225,10.0,0.04945054945054945,18.0,2646.0,126.0,147.0,4.333333333333333,6.0,1
13090,8895.82,57.765064935064935,8.0,0.03561643835616438,13.0,2262.0,154.0,174.0,7.461538461538462,69.0,1
14092,4076.91,19.050981308411213,7.0,0.03977272727272727,14.0,2066.0,214.0,147.57142857142858,8.357142857142858,5.0,1
13941,5112.96,113.62133333333334,21.0,0.014204545454545454,5.0,2364.0,45.0,472.8,4.8,57.0,1
17017,8694.26,34.50103174603175,2.0,0.05390835579514825,20.0,6673.0,252.0,333.65,4.4,60.0,1
14135,4690.31,35.00231343283583,1.0,0.04032258064516129,15.0,3850.0,134.0,256.6666666666667,6.333333333333333,0.0,1
12471,17424.05,39.690318906605924,2.0,0.0743801652892562,27.0,8104.0,439.0,300.14814814814815,5.481481481481482,246.0,1
15601,6776.56,16.52819512195122,11.0,0.03867403314917127,14.0,4983.0,410.0,355.92857142857144,16.428571428571427,5.0,1
13418,6127.43,20.156019736842108,11.0,0.049723756906077346,18.0,3918.0,304.0,217.66666666666666,12.38888888888889,79.0,1
18041,4183.39,8.863114406779662,11.0,0.058011049723756904,21.0,3819.0,472.0,181.85714285714286,13.571428571428571,9.0,1
15955,4416.26,24.13256830601093,24.0,0.04011461318051576,14.0,2135.0,183.0,152.5,9.785714285714286,11.0,1
14390,4652.82,16.268601398601398,10.0,0.024793388429752067,9.0,2136.0,286.0,237.33333333333334,15.0,11.0,1
14060,6140.42,30.39811881188119,4.0,0.051490514905149054,19.0,5386.0,202.0,283.4736842105263,4.526315789473684,12.0,1
15544,3546.71,13.693861003861004,9.0,0.024725274725274724,9.0,3109.0,259.0,345.44444444444446,13.555555555555555,4.0,1
15738,4812.42,27.817456647398846,18.0,0.04507042253521127,16.0,2982.0,173.0,186.375,2.875,15.0,1
17381,20275.61,186.01477064220185,8.0,0.07945205479452055,29.0,25649.0,109.0,884.448275862069,1.3793103448275863,3.0,1
16186,4006.94,18.38045871559633,22.0,0.03418803418803419,12.0,3020.0,218.0,251.66666666666666,7.25,12.0,1
17581,11045.04,25.102363636363638,0.0,0.06702412868632708,25.0,5927.0,440.0,237.08,9.16,66.0,1
17567,4331.48,26.251393939393935,7.0,0.02185792349726776,8.0,2632.0,165.0,329.0,13.75,204.0,1
15061,54534.14,135.32044665012407,3.0,0.12972972972972974,48.0,28920.0,403.0,602.5,1.4583333333333333,282.0,1
15640,12515.66,25.858801652892563,4.0,0.04065040650406504,15.0,6607.0,484.0,440.46666666666664,16.0,35.0,1
14031,17286.86,69.14744,7.0,0.05191256830601093,19.0,5788.0,250.0,304.63157894736844,6.2631578947368425,417.0,1
12971,11189.91,36.68822950819672,3.0,0.23243243243243245,86.0,9289.0,305.0,108.01162790697674,1.0930232558139534,85.0,1
15299,3907.01,651.1683333333334,67.0,0.0196078431372549,6.0,2947.0,6.0,491.1666666666667,1.0,5.0,1
14156,117379.63,83.84259285714286,9.0,0.15151515151515152,55.0,57885.0,1400.0,1052.4545454545455,12.981818181818182,859.0,1
17757,5601.34,7.569378378378379,1.0,0.08064516129032258,30.0,3319.0,740.0,110.63333333333334,9.133333333333333,4.0,1
13798,37153.85,106.4580229226361,1.0,0.1532258064516129,57.0,23948.0,349.0,420.140350877193,1.9824561403508771,434.0,1
16754,2002.4,1001.2,372.0,1.0,1.0,4280.0,2.0,4280.0,2.0,0.0,1
15093,4597.02,42.565000000000005,18.0,0.016901408450704224,6.0,3760.0,108.0,626.6666666666666,8.666666666666666,27.0,1
17396,7312.8,281.26153846153846,39.0,0.021021021021021023,7.0,2004.0,26.0,286.2857142857143,3.2857142857142856,0.0,1
18225,5509.12,20.328856088560887,3.0,0.03305785123966942,12.0,3244.0,271.0,270.3333333333333,12.5,38.0,1
12841,4022.35,9.577023809523808,4.0,0.06793478260869565,25.0,2757.0,420.0,110.28,9.16,74.0,1
19027,6369.5599999999995,10.759391891891891,371.0,1.0,1.0,1640.0,592.0,1640.0,585.0,0.0,1
14680,28754.11,111.45003875968993,25.0,0.04610951008645533,16.0,13476.0,258.0,842.25,4.5625,1002.0,1
12557,11990.960000000001,363.36242424242425,16.0,0.014044943820224719,5.0,4384.0,33.0,876.8,3.0,0.0,1
13013,4810.9400000000005,21.967762557077627,1.0,0.03504043126684636,13.0,2224.0,219.0,171.07692307692307,11.923076923076923,7.0,1
16013,37130.6,267.126618705036,3.0,0.12737127371273713,47.0,15536.0,139.0,330.5531914893617,0.6382978723404256,1594.0,1
17949,58030.48,841.0214492753623,1.0,0.11859838274932614,44.0,30450.0,69.0,692.0454545454545,0.6363636363636364,2878.0,1
12779,3981.36,26.72053691275168,37.0,0.023880597014925373,8.0,2024.0,149.0,253.0,11.0,28.0,1
12682,11028.22,22.234314516129032,3.0,0.08401084010840108,31.0,5505.0,496.0,177.58064516129033,6.709677419354839,0.0,1
17954,2332.72,4.809731958762886,5.0,0.0326975476839237,12.0,2234.0,485.0,186.16666666666666,27.166666666666668,5.0,1
19033,10661.69,73.52889655172415,371.0,1.0,1.0,1834.0,145.0,1834.0,145.0,0.0,1
15769,56252.72,432.7132307692308,7.0,0.07123287671232877,26.0,29672.0,130.0,1141.2307692307693,1.0,2012.0,1
12395,2682.63,18.629375,19.0,0.0339943342776204,12.0,2097.0,144.0,174.75,7.5,5.0,1
13081,28337.38,27.67322265625,11.0,0.030470914127423823,11.0,19068.0,1024.0,1733.4545454545455,45.72727272727273,138.0,1
17243,8668.45,21.72543859649123,1.0,0.07046070460704607,26.0,3366.0,399.0,129.46153846153845,6.884615384615385,8.0,1
13089,58825.83,32.35744224422442,2.0,0.26358695652173914,97.0,31070.0,1818.0,320.30927835051546,6.556701030927835,283.0,1
16033,8816.4,7.754089709762533,5.0,0.0547945205479452,20.0,3539.0,1137.0,176.95,26.9,23.0,1
18055,6784.1900000000005,18.844972222222225,7.0,0.027548209366391185,10.0,2455.0,360.0,245.5,22.3,5.0,1
18109,8052.97,18.13731981981982,1.0,0.07046070460704607,26.0,4237.0,444.0,162.96153846153845,4.576923076923077,18.0,1
13069,4436.12,10.437929411764706,0.0,0.06486486486486487,24.0,5885.0,425.0,245.20833333333334,11.708333333333334,419.0,1
14800,4339.74,11.272051948051947,47.0,0.03715170278637771,12.0,3655.0,385.0,304.5833333333333,20.5,21.0,1
16839,16594.35,62.38477443609022,8.0,0.09392265193370165,34.0,8975.0,266.0,263.97058823529414,3.3529411764705883,504.0,1
16931,4604.22,5.127193763919822,5.0,0.057534246575342465,21.0,3158.0,898.0,150.38095238095238,21.333333333333332,0.0,1
16814,6499.2,20.121362229102168,14.0,0.05898876404494382,21.0,2763.0,323.0,131.57142857142858,5.761904761904762,1.0,1
13269,5346.2300000000005,16.91844936708861,1.0,0.04065040650406504,15.0,3514.0,316.0,234.26666666666668,11.8,5.0,1
12567,8609.28,19.655890410958907,22.0,0.028735632183908046,10.0,4261.0,438.0,426.1,32.2,216.0,1
16353,6675.71,71.0181914893617,3.0,0.06267029972752043,23.0,2006.0,94.0,87.21739130434783,2.217391304347826,0.0,1
18118,5651.42,4.4220813771518,10.0,0.07222222222222222,26.0,2870.0,1278.0,110.38461538461539,16.26923076923077,5.0,1
16327,3813.62,11.99251572327044,14.0,0.016853932584269662,6.0,2535.0,318.0,422.5,23.5,0.0,1
15570,4165.52,12.896346749226007,7.0,0.03305785123966942,12.0,2067.0,323.0,172.25,19.25,9.0,1
17858,5155.66,25.9078391959799,5.0,0.03287671232876712,12.0,2706.0,199.0,225.5,8.416666666666666,0.0,1
14527,8507.82,8.761915550978372,2.0,0.14945652173913043,55.0,2087.0,971.0,37.945454545454545,5.9818181818181815,4.0,1
17863,3160.0,21.35135135135135,59.0,0.01929260450160772,6.0,2638.0,148.0,439.6666666666667,18.333333333333332,0.0,1
15023,6783.86,12.114035714285714,3.0,0.02997275204359673,11.0,2862.0,560.0,260.1818181818182,31.454545454545453,8.0,1
15867,3806.1,8.292156862745097,5.0,0.0410958904109589,15.0,2041.0,459.0,136.06666666666666,20.066666666666666,2.0,1
15555,4802.18,5.3536008918617615,12.0,0.0446927374301676,16.0,4409.0,897.0,275.5625,25.0,28.0,1
12720,5115.7300000000005,14.958274853801171,2.0,0.06793478260869565,25.0,4635.0,342.0,185.4,8.4,17.0,1
16422,34684.4,93.99566395663958,17.0,0.14447592067988668,51.0,33704.0,369.0,660.8627450980392,1.3333333333333333,120.0,1
15502,6923.98,33.129090909090905,15.0,0.028169014084507043,10.0,4232.0,209.0,423.2,16.3,407.0,1
17677,16363.23,53.82641447368421,1.0,0.08152173913043478,30.0,9775.0,304.0,325.8333333333333,5.933333333333334,50.0,1
17428,17256.85,52.61234756097561,0.0,0.07588075880758807,28.0,9474.0,328.0,338.35714285714283,9.0,39.0,1
16161,5575.56,11.762784810126583,1.0,0.051630434782608696,19.0,2599.0,474.0,136.78947368421052,15.052631578947368,58.0,1
19069,6471.71,10.858573825503356,368.0,1.0,1.0,1607.0,596.0,1607.0,594.0,0.0,1
19070,6719.61,11.85116402116402,368.0,1.0,1.0,1810.0,567.0,1810.0,567.0,0.0,1
15039,19914.44,13.25861517976032,9.0,0.13055555555555556,47.0,9209.0,1502.0,195.93617021276594,8.680851063829786,18.0,1
14189,4654.08,17.56256603773585,2.0,0.04087193460490463,15.0,3937.0,265.0,262.46666666666664,11.733333333333333,18.0,1
12474,6745.79,16.533799019607844,17.0,0.05750798722044728,18.0,4812.0,408.0,267.3333333333333,14.0,83.0,1
15301,5070.35,20.865637860082305,50.0,0.03761755485893417,12.0,2775.0,243.0,231.25,13.916666666666666,7.0,1
17596,2827.93,10.473814814814814,23.0,0.02023121387283237,7.0,4400.0,270.0,628.5714285714286,24.0,0.0,1
15078,9743.11,22.14343181818182,7.0,0.08839779005524862,32.0,5105.0,440.0,159.53125,3.03125,36.0,1
14085,4448.54,9.885644444444445,2.0,0.04904632152588556,18.0,3184.0,450.0,176.88888888888889,15.11111111111111,1.0,1
16722,4730.81,21.025822222222224,17.0,0.036931818181818184,13.0,5001.0,225.0,384.6923076923077,7.384615384615385,12.0,1
14667,9236.95,16.148513986013988,10.0,0.06963788300835655,25.0,5384.0,572.0,215.36,14.12,3.0,1
17068,4545.89,15.409796610169492,12.0,0.058823529411764705,21.0,2159.0,295.0,102.80952380952381,5.476190476190476,10.0,1
15194,7616.53,24.569451612903226,3.0,0.040983606557377046,15.0,5703.0,310.0,380.2,13.933333333333334,55.0,1
19084,7272.41,10.78992581602374,368.0,1.0,1.0,1868.0,674.0,1868.0,673.0,0.0,1
17450,194550.79,577.3020474777448,8.0,0.12777777777777777,46.0,69993.0,337.0,1521.5869565217392,2.6956521739130435,952.0,1
12681,12365.54,20.073928571428574,14.0,0.062146892655367235,22.0,7457.0,616.0,338.95454545454544,12.090909090909092,15.0,1
17735,13110.02,19.000028985507246,2.0,0.05191256830601093,19.0,8439.0,690.0,444.1578947368421,16.789473684210527,0.0,1
15838,33643.08,201.45556886227547,11.0,0.05322128851540616,19.0,18368.0,167.0,966.7368421052631,2.8421052631578947,0.0,1
14733,9585.91,47.455,16.0,0.03409090909090909,12.0,3764.0,202.0,313.6666666666667,8.5,39.0,1
13756,5189.52,36.54591549295775,2.0,0.03825136612021858,14.0,3188.0,142.0,227.71428571428572,4.714285714285714,24.0,1
13319,10845.550000000001,22.784768907563027,5.0,0.07202216066481995,26.0,4724.0,476.0,181.69230769230768,8.038461538461538,38.0,1
17491,3558.87,32.65018348623853,1.0,0.027247956403269755,10.0,2013.0,109.0,201.3,7.2,1.0,1
14282,3729.34,23.906025641025643,3.0,0.0410958904109589,15.0,2668.0,156.0,177.86666666666667,4.666666666666667,0.0,1
13488,8968.31,21.25191943127962,17.0,0.037037037037037035,13.0,4518.0,422.0,347.53846153846155,20.846153846153847,6.0,1
17675,20374.28,28.89968794326241,1.0,0.08446866485013624,31.0,8360.0,705.0,269.6774193548387,7.709677419354839,82.0,1
16904,3750.4700000000003,5.289802538787025,4.0,0.04395604395604396,16.0,2024.0,709.0,126.5,24.125,0.0,1
12347,4310.0,23.681318681318682,2.0,0.01912568306010929,7.0,2458.0,182.0,351.14285714285717,14.714285714285714,0.0,1
14739,3902.28,65.038,4.0,0.019230769230769232,7.0,3820.0,60.0,545.7142857142857,6.714285714285714,3.0,1
19109,5457.72,9.0962,367.0,1.0,1.0,1447.0,600.0,1447.0,600.0,0.0,1
19111,11540.34,77.97527027027027,367.0,1.0,1.0,2200.0,148.0,2200.0,148.0,0.0,1
12839,5591.42,17.80707006369427,2.0,0.03825136612021858,14.0,3807.0,314.0,271.92857142857144,6.785714285714286,2.0,1
18102,259657.3,602.45313225058,0.0,0.16304347826086957,60.0,64124.0,431.0,1068.7333333333333,2.5,0.0,1
13078,12627.94,35.27357541899441,3.0,0.07142857142857142,26.0,5630.0,358.0,216.53846153846155,3.6538461538461537,73.0,1
13050,5833.11,14.510223880597014,14.0,0.04815864022662889,17.0,3747.0,402.0,220.41176470588235,14.411764705882353,41.0,1
12709,9430.52,46.45576354679803,15.0,0.04261363636363636,15.0,3919.0,203.0,261.26666666666665,6.133333333333334,103.0,1
14796,8020.93,7.03590350877193,1.0,0.04644808743169399,17.0,6021.0,1140.0,354.1764705882353,23.647058823529413,83.0,1
16779,10629.720000000001,31.921081081081084,2.0,0.06027397260273973,22.0,5325.0,333.0,242.04545454545453,7.318181818181818,89.0,1
13599,5153.67,20.86506072874494,1.0,0.05737704918032787,21.0,3294.0,247.0,156.85714285714286,8.142857142857142,124.0,1
13199,9802.12,83.06881355932204,3.0,0.10164835164835165,37.0,6175.0,118.0,166.8918918918919,1.2702702702702702,4.0,1
14032,2975.59,20.80832167832168,2.0,0.030136986301369864,11.0,2032.0,143.0,184.72727272727272,4.818181818181818,24.0,1
17706,10504.49,27.498664921465966,4.0,0.046831955922865015,17.0,3899.0,382.0,229.35294117647058,15.882352941176471,66.0,1
16525,13027.45,71.18825136612023,2.0,0.07123287671232877,26.0,7397.0,183.0,284.5,2.8846153846153846,904.0,1
14952,8099.49,58.69195652173913,59.0,0.03594771241830065,11.0,3355.0,138.0,305.0,10.636363636363637,60.0,1
13126,2099.64,14.997428571428571,4.0,0.02203856749311295,8.0,2143.0,140.0,267.875,15.5,13.0,1
16558,8338.49,18.127152173913043,0.0,0.05449591280653951,20.0,5377.0,460.0,268.85,13.2,31.0,1
16713,6923.13,11.094759615384616,18.0,0.04297994269340974,15.0,4276.0,624.0,285.06666666666666,22.533333333333335,12.0,1
15529,3992.68,5.950342771982116,22.0,0.03188405797101449,11.0,3495.0,671.0,317.72727272727275,37.63636363636363,7.0,1
15498,13316.4,26.00859375,2.0,0.07397260273972603,27.0,6105.0,512.0,226.11111111111111,13.333333333333334,15.0,1
14051,15610.390000000001,74.33519047619048,0.0,0.06267029972752043,23.0,3756.0,210.0,163.30434782608697,2.260869565217391,15.0,1
15032,4959.1,95.3673076923077,256.0,0.02702702702702703,3.0,2968.0,52.0,989.3333333333334,9.666666666666666,300.0,1
13113,12245.960000000001,61.229800000000004,0.0,0.0653950953678474,24.0,3045.0,200.0,126.875,3.9583333333333335,449.0,1
16553,5719.82,68.09309523809523,163.0,0.06060606060606061,12.0,4600.0,84.0,383.3333333333333,5.166666666666667,5.0,1
14299,3965.62,27.73160839160839,8.0,0.025139664804469275,9.0,2149.0,143.0,238.77777777777777,10.444444444444445,136.0,1
12766,6457.63,21.103366013071895,3.0,0.019230769230769232,7.0,3627.0,306.0,518.1428571428571,29.142857142857142,0.0,1
15298,4799.9,24.999479166666664,2.0,0.03287671232876712,12.0,3116.0,192.0,259.6666666666667,9.583333333333334,364.0,1
19125,5344.29,9.058118644067797,366.0,1.0,1.0,1483.0,590.0,1483.0,588.0,0.0,1
15005,6314.87,5.648363148479428,15.0,0.07954545454545454,28.0,4245.0,1118.0,151.60714285714286,12.821428571428571,43.0,1
14866,14353.4,146.46326530612245,10.0,0.03081232492997199,11.0,6751.0,98.0,613.7272727272727,2.6363636363636362,183.0,1
13848,1255.0,251.0,92.0,0.01090909090909091,3.0,3700.0,5.0,1233.3333333333333,1.0,0.0,1
17340,12353.29,30.352063882063884,29.0,0.03254437869822485,11.0,5967.0,407.0,542.4545454545455,20.818181818181817,64.0,1
16700,5076.55,16.482305194805196,8.0,0.036211699164345405,13.0,4024.0,308.0,309.53846153846155,12.23076923076923,5.0,1
16011,3362.71,15.86183962264151,8.0,0.04456824512534819,16.0,2042.0,212.0,127.625,6.1875,0.0,1
18092,9068.26,101.89056179775281,2.0,0.03021978021978022,11.0,4252.0,89.0,386.54545454545456,2.5454545454545454,2.0,1
15358,8347.2,15.149183303085302,4.0,0.06077348066298342,22.0,7050.0,551.0,320.45454545454544,13.272727272727273,123.0,1
12481,5020.32,24.020669856459328,22.0,0.029069767441860465,10.0,3272.0,209.0,327.2,14.9,14.0,1
12621,12411.67,27.64291759465479,1.0,0.0547945205479452,20.0,7369.0,449.0,368.45,13.0,36.0,1
12683,7612.57,22.99870090634441,4.0,0.03867403314917127,14.0,4934.0,331.0,352.42857142857144,12.571428571428571,84.0,1
13854,8109.5199999999995,73.72290909090908,8.0,0.06983240223463687,25.0,2296.0,110.0,91.84,1.56,18.0,1
17857,25301.54,527.1154166666666,4.0,0.06077348066298342,22.0,14822.0,48.0,673.7272727272727,0.8181818181818182,170.0,1
15856,16386.31,25.444580745341618,4.0,0.07458563535911603,27.0,11002.0,644.0,407.48148148148147,10.88888888888889,64.0,1
13102,6424.09,21.131875,1.0,0.06575342465753424,24.0,4204.0,304.0,175.16666666666666,5.833333333333333,44.0,1
19154,6382.71,9.819553846153847,365.0,1.0,1.0,1641.0,650.0,1641.0,647.0,0.0,1
17576,3622.68,8.814306569343065,8.0,0.05307262569832402,19.0,1994.0,411.0,104.94736842105263,12.894736842105264,40.0,1
13969,9053.94,14.463162939297126,7.0,0.05013927576601671,18.0,4542.0,626.0,252.33333333333334,18.555555555555557,59.0,1
15805,5528.4800000000005,18.367043189368772,23.0,0.049707602339181284,17.0,3387.0,301.0,199.23529411764707,12.941176470588236,50.0,1
19188,5424.59,10.177467166979362,364.0,1.0,1.0,1305.0,533.0,1305.0,530.0,0.0,1
16265,5447.0,21.112403100775193,9.0,0.025280898876404494,9.0,2646.0,258.0,294.0,18.22222222222222,19.0,1
12731,18751.91,68.68831501831502,23.0,0.03508771929824561,12.0,8429.0,273.0,702.4166666666666,9.0,70.0,1
16656,8625.8,118.16164383561643,22.0,0.043731778425655975,15.0,8894.0,73.0,592.9333333333333,0.9333333333333333,21.0,1
12989,6924.110000000001,108.18921875000001,3.0,0.04143646408839779,15.0,2943.0,64.0,196.2,2.7333333333333334,28.0,1
15514,4139.46,23.255393258426967,12.0,0.031161473087818695,11.0,2160.0,178.0,196.36363636363637,8.727272727272727,369.0,1
17865,10524.220000000001,28.520921409214097,30.0,0.05970149253731343,20.0,5756.0,369.0,287.8,9.5,59.0,1
19195,5694.84,9.200064620355413,364.0,1.0,1.0,1503.0,619.0,1503.0,606.0,0.0,1
19196,12633.67,90.2405,364.0,1.0,1.0,2229.0,140.0,2229.0,140.0,0.0,1
16873,7123.62,25.53268817204301,4.0,0.01662049861495845,6.0,3840.0,279.0,640.0,29.833333333333332,15.0,1
14062,10464.85,94.27792792792793,9.0,0.033707865168539325,12.0,5593.0,111.0,466.0833333333333,5.0,0.0,1
16923,7247.61,10.785133928571428,12.0,0.05413105413105413,19.0,3417.0,672.0,179.8421052631579,16.473684210526315,234.0,1
14159,4690.64,3.8991188694929346,19.0,0.03197674418604651,11.0,4405.0,1203.0,400.45454545454544,45.45454545454545,13.0,1
12753,21429.39,108.77862944162436,22.0,0.017595307917888565,6.0,11421.0,197.0,1903.5,22.0,171.0,1
12875,343.2300000000001,171.61500000000004,143.0,0.00909090909090909,2.0,2019.0,2.0,1009.5,0.5,0.0,1
13668,6363.59,13.539553191489363,2.0,0.05817174515235457,21.0,3742.0,470.0,178.1904761904762,13.523809523809524,105.0,1
15547,4954.84,7.058176638176638,7.0,0.03932584269662921,14.0,4032.0,702.0,288.0,31.5,0.0,1
15998,3089.97,6.106660079051383,36.0,0.01529051987767584,5.0,2041.0,506.0,408.2,74.0,4.0,1
15044,7700.2300000000005,16.998300220750554,19.0,0.04941860465116279,17.0,2795.0,453.0,164.41176470588235,13.705882352941176,9.0,1
14505,5905.64,7.391289111389237,17.0,0.023121387283236993,8.0,2759.0,799.0,344.875,67.5,16.0,1
13198,3401.2400000000002,15.049734513274338,10.0,0.017045454545454544,6.0,2648.0,226.0,441.3333333333333,33.166666666666664,3.0,1
19201,4703.12,9.617832310838445,361.0,1.0,1.0,1302.0,489.0,1302.0,487.0,0.0,1
12540,11580.24,25.11982646420824,19.0,0.04956268221574344,17.0,6620.0,461.0,389.4117647058824,16.235294117647058,8.0,1
13225,6463.84,201.995,3.0,0.019498607242339833,7.0,3416.0,32.0,488.0,3.2857142857142856,64.0,1
13209,5891.61,18.35392523364486,30.0,0.024096385542168676,8.0,4253.0,321.0,531.625,31.875,21.0,1
13999,3901.81,18.758701923076924,10.0,0.03409090909090909,12.0,2243.0,208.0,186.91666666666666,8.5,12.0,1
16701,5398.3,37.488194444444446,8.0,0.03672316384180791,13.0,6393.0,144.0,491.7692307692308,7.615384615384615,182.0,1
17338,6635.14,8.835073235685753,17.0,0.02318840579710145,8.0,3113.0,751.0,389.125,48.5,4.0,1
17611,3984.22,6.9170486111111105,7.0,0.04225352112676056,15.0,2560.0,576.0,170.66666666666666,29.333333333333332,8.0,1
12476,5898.42,26.332232142857144,15.0,0.03170028818443804,11.0,2357.0,224.0,214.27272727272728,16.0,71.0,1
15159,18641.010000000002,26.254943661971833,1.0,0.08310249307479224,30.0,11441.0,710.0,381.3666666666667,12.1,47.0,1
14525,4332.2,14.887285223367696,19.0,0.026239067055393587,9.0,2696.0,291.0,299.55555555555554,24.11111111111111,22.0,1
13324,7121.95,94.95933333333333,36.0,0.03076923076923077,10.0,5205.0,75.0,520.5,2.5,5.0,1
13802,4599.42,76.657,138.0,0.017241379310344827,3.0,2572.0,60.0,857.3333333333334,18.333333333333332,291.0,1
16570,3738.4,29.66984126984127,15.0,0.03367003367003367,10.0,2112.0,126.0,211.2,6.8,62.0,1
14961,7044.68,22.579102564102566,10.0,0.02564102564102564,9.0,3708.0,312.0,412.0,21.444444444444443,16.0,1
16458,3482.7400000000002,17.241287128712873,2.0,0.05013927576601671,18.0,2154.0,202.0,119.66666666666667,2.888888888888889,0.0,1
14057,6217.96,21.894225352112677,23.0,0.05029585798816568,17.0,4876.0,284.0,286.8235294117647,10.529411764705882,168.0,1
13178,5725.47,21.60554716981132,26.0,0.03283582089552239,11.0,3570.0,265.0,324.54545454545456,8.636363636363637,0.0,1
16191,5180.52,38.66059701492538,2.0,0.036211699164345405,13.0,3351.0,134.0,257.7692307692308,5.0,147.0,1
12370,3425.69,20.63668674698795,51.0,0.012903225806451613,4.0,2350.0,166.0,587.5,35.5,0.0,1
14298,51527.3,31.476664630421503,8.0,0.12464589235127478,44.0,58343.0,1637.0,1325.9772727272727,20.09090909090909,322.0,1
14415,5900.28,10.000474576271186,1.0,0.03611111111111111,13.0,3011.0,590.0,231.6153846153846,21.76923076923077,38.0,1
17404,31781.82,162.9836923076923,4.0,0.036414565826330535,13.0,32744.0,195.0,2518.769230769231,8.384615384615385,424.0,1
13097,6010.42,14.209030732860521,32.0,0.030395136778115502,10.0,2363.0,423.0,236.3,21.4,21.0,1
12867,4036.82,7.503382899628253,26.0,0.020895522388059702,7.0,4298.0,538.0,614.0,34.285714285714285,23.0,1
19217,12681.58,85.68635135135135,360.0,1.0,1.0,2150.0,148.0,2150.0,148.0,0.0,1
14401,4051.48,22.26087912087912,4.0,0.03651685393258427,13.0,4507.0,182.0,346.6923076923077,8.692307692307692,2.0,1
16145,3799.4900000000002,16.96200892857143,8.0,0.03125,11.0,3123.0,224.0,283.90909090909093,12.181818181818182,51.0,1
13458,9646.57,25.252801047120418,7.0,0.039660056657223795,14.0,5508.0,382.0,393.42857142857144,17.285714285714285,48.0,1
14426,4481.67,20.007455357142856,23.0,0.034482758620689655,10.0,2699.0,224.0,269.9,18.3,360.0,1
13426,3641.32,23.193121019108283,0.0,0.027777777777777776,10.0,2245.0,157.0,224.5,10.3,20.0,1
13124,3866.33,16.452468085106382,89.0,0.01107011070110701,3.0,2147.0,235.0,715.6666666666666,61.666666666666664,0.0,1
15727,5178.96,17.14887417218543,16.0,0.020348837209302327,7.0,3065.0,302.0,437.85714285714283,30.428571428571427,0.0,1
15290,7943.22,38.93735294117647,4.0,0.05056179775280899,18.0,4501.0,204.0,250.05555555555554,5.166666666666667,70.0,1
15615,10399.74,24.585673758865248,10.0,0.06571428571428571,23.0,5508.0,423.0,239.47826086956522,8.0,15.0,1
13266,3834.2599999999998,20.504064171122995,11.0,0.04878048780487805,12.0,4428.0,187.0,369.0,6.833333333333333,129.0,1
16607,3347.71,19.46343023255814,17.0,0.04093567251461988,14.0,2859.0,172.0,204.21428571428572,10.0,37.0,1
17001,3989.57,23.606923076923078,0.0,0.03064066852367688,11.0,2164.0,169.0,196.72727272727272,6.818181818181818,0.0,1
15482,11014.96,113.55628865979381,15.0,0.03197674418604651,11.0,5019.0,97.0,456.27272727272725,4.090909090909091,2022.0,1
16670,4095.9,16.25357142857143,16.0,0.03206997084548105,11.0,2556.0,252.0,232.36363636363637,16.272727272727273,32.0,1
16705,14034.99,51.98144444444444,0.0,0.055710306406685235,20.0,5476.0,270.0,273.8,6.65,18.0,1
14414,1496.98,15.432783505154639,91.0,0.026119402985074626,7.0,2512.0,97.0,358.85714285714283,11.285714285714286,3.0,1
16746,6697.66,14.91683741648107,4.0,0.05070422535211268,18.0,4665.0,449.0,259.1666666666667,13.0,3.0,1
16743,2238.09,11.717748691099477,29.0,0.021212121212121213,7.0,2047.0,191.0,292.42857142857144,12.714285714285714,37.0,1
15379,3703.29,19.089123711340207,169.0,0.03684210526315789,7.0,2305.0,194.0,329.2857142857143,20.714285714285715,12.0,1
14709,4921.04,25.10734693877551,15.0,0.0377906976744186,13.0,2484.0,196.0,191.07692307692307,5.461538461538462,2.0,1
15157,1936.07,15.48856,3.0,0.008426966292134831,3.0,2392.0,125.0,797.3333333333334,41.666666666666664,149.0,1
17744,2322.4,17.076470588235296,3.0,0.016853932584269662,6.0,3412.0,136.0,568.6666666666666,18.333333333333332,0.0,1
13534,5870.08,19.83135135135135,2.0,0.0700280112044818,25.0,2961.0,296.0,118.44,4.76,85.0,1
14735,6050.69,31.350725388601035,3.0,0.08707865168539326,31.0,2263.0,193.0,73.0,3.161290322580645,104.0,1
18223,6484.54,23.840220588235294,4.0,0.03943661971830986,14.0,2948.0,272.0,210.57142857142858,8.285714285714286,57.0,1
16684,66653.56,240.6265703971119,4.0,0.07887323943661972,28.0,50255.0,277.0,1794.8214285714287,4.25,864.0,1
16945,4345.5,17.451807228915662,21.0,0.05621301775147929,19.0,2725.0,249.0,143.42105263157896,7.2105263157894735,0.0,1
12348,1437.24,53.23111111111111,75.0,0.014084507042253521,4.0,2332.0,27.0,583.0,5.25,0.0,1
13004,5655.91,13.999777227722772,11.0,0.05187319884726225,18.0,4822.0,404.0,267.8888888888889,15.38888888888889,26.0,1
12931,42055.96,512.8775609756098,21.0,0.04451038575667656,15.0,28004.0,82.0,1866.9333333333334,1.8666666666666667,4427.0,1
14769,10673.1,9.800826446280992,2.0,0.02247191011235955,8.0,7435.0,1089.0,929.375,89.625,30.0,1
17315,6252.18,13.302510638297873,1.0,0.10084033613445378,36.0,3862.0,470.0,107.27777777777777,7.055555555555555,32.0,1
12726,2411.1,20.607692307692307,28.0,0.021212121212121213,7.0,3132.0,117.0,447.42857142857144,8.0,0.0,1
14016,4341.21,26.964037267080744,161.0,0.02030456852791878,4.0,2125.0,161.0,531.25,38.5,1.0,1
19241,5142.94,9.947659574468084,357.0,1.0,1.0,1309.0,517.0,1309.0,515.0,0.0,1
14146,4191.0,19.957142857142856,8.0,0.014285714285714285,5.0,2437.0,210.0,487.4,36.6,551.0,1
12705,6382.29,19.458201219512194,15.0,0.023323615160349854,8.0,3970.0,328.0,496.25,28.375,24.0,1
16686,3062.83,5.235606837606838,47.0,0.022653721682847898,7.0,2030.0,585.0,290.0,58.0,5.0,1
14646,279138.02,135.5038932038835,1.0,0.2033898305084746,72.0,196844.0,2060.0,2733.9444444444443,9.708333333333334,288.0,1
14099,3104.17,12.41668,16.0,0.032448377581120944,11.0,2179.0,250.0,198.0909090909091,15.181818181818182,2.0,1
13027,6912.0,265.84615384615387,113.0,0.024793388429752067,6.0,17280.0,26.0,2880.0,1.0,0.0,1
15034,4308.61,10.935558375634518,15.0,0.02359882005899705,8.0,2422.0,394.0,302.75,37.375,11.0,1
12678,16481.46,104.97745222929936,42.0,0.03205128205128205,10.0,10901.0,157.0,1090.1,10.4,24.0,1
17306,8631.31,130.77742424242425,10.0,0.055232558139534885,19.0,11491.0,66.0,604.7894736842105,0.6842105263157895,21.0,1
19296,18745.86,100.7841935483871,353.0,1.0,1.0,2853.0,186.0,2853.0,153.0,0.0,1
17593,3927.34,18.438215962441316,3.0,0.014285714285714285,5.0,3101.0,213.0,620.2,38.0,6.0,1
13953,3515.68,175.784,7.0,0.02023121387283237,7.0,2724.0,20.0,389.14285714285717,1.1428571428571428,0.0,1
14533,1949.72,31.44709677419355,24.0,0.02127659574468085,7.0,4019.0,62.0,574.1428571428571,7.571428571428571,1242.0,1
14944,5900.25,34.707352941176474,29.0,0.04477611940298507,12.0,2815.0,170.0,234.58333333333334,8.416666666666666,14.0,1
19309,4634.59,9.069647749510764,351.0,1.0,1.0,2319.0,511.0,2319.0,508.0,0.0,1
12957,4017.54,16.880420168067225,9.0,0.02416918429003021,8.0,2549.0,238.0,318.625,26.0,18.0,1
19330,3430.92,8.388557457212714,339.0,1.0,1.0,1679.0,409.0,1679.0,409.0,0.0,1
14221,3432.8,17.78652849740933,42.0,0.030201342281879196,9.0,2191.0,193.0,243.44444444444446,13.666666666666666,1.0,1
17389,31833.68,149.45389671361502,0.0,0.10240963855421686,34.0,7612.0,213.0,223.88235294117646,1.3235294117647058,170.0,1
13629,7792.36,132.07389830508475,23.0,0.03481012658227848,11.0,4372.0,59.0,397.45454545454544,2.5454545454545454,0.0,1
16532,6748.8,1687.2,17.0,0.009316770186335404,3.0,2016.0,4.0,672.0,0.6666666666666666,0.0,1
15046,5194.82,25.340585365853656,9.0,0.045454545454545456,15.0,3450.0,205.0,230.0,9.733333333333333,144.0,1
13082,3613.63,49.50178082191781,126.0,0.04225352112676056,9.0,4324.0,73.0,480.44444444444446,7.0,11.0,1
18226,5228.05,21.603512396694217,44.0,0.03741496598639456,11.0,3466.0,242.0,315.09090909090907,12.818181818181818,7.0,1
12415,124564.53,174.70481065918653,24.0,0.06369426751592357,20.0,77373.0,713.0,3868.65,22.15,427.0,1
14258,12669.98,114.14396396396396,9.0,0.02735562310030395,9.0,7100.0,111.0,788.8888888888889,6.444444444444445,2.0,1
15719,5043.96,5.388846153846154,32.0,0.042483660130718956,13.0,2724.0,936.0,209.53846153846155,22.923076923076923,1.0,1
14828,2139.76,125.86823529411765,196.0,0.02127659574468085,3.0,2172.0,17.0,724.0,5.666666666666667,0.0,1
12501,2025.39,13.685067567567568,336.0,1.0,1.0,1775.0,148.0,1775.0,148.0,61.0,1
18198,5425.56,34.12301886792453,4.0,0.05105105105105105,17.0,4074.0,159.0,239.64705882352942,4.764705882352941,235.0,1
12484,3953.72,11.560584795321637,35.0,0.013245033112582781,4.0,2170.0,342.0,542.5,63.75,6.0,1
13183,3957.78,42.10404255319149,7.0,0.027439024390243903,9.0,2208.0,94.0,245.33333333333334,5.666666666666667,0.0,1
12939,11581.8,246.42127659574467,64.0,0.02952029520295203,8.0,4876.0,47.0,609.5,2.625,0.0,1
14755,5010.28,21.320340425531914,9.0,0.03374233128834356,11.0,2219.0,235.0,201.72727272727272,11.636363636363637,2.0,1
16549,4154.64,4.235107033639144,10.0,0.03076923076923077,10.0,2365.0,981.0,236.5,44.5,0.0,1
13451,2976.15,6.718171557562077,26.0,0.016181229773462782,5.0,2149.0,443.0,429.8,63.0,6.0,1
12539,5568.35,20.396886446886448,22.0,0.01282051282051282,4.0,2067.0,273.0,516.75,39.25,0.0,1
19360,4174.64,8.332614770459083,333.0,1.0,1.0,1796.0,501.0,1796.0,501.0,0.0,1
12500,4059.82,78.07346153846154,23.0,0.03536977491961415,11.0,2667.0,52.0,242.45454545454547,3.0,6.0,1
12524,3945.72,29.01264705882353,9.0,0.024615384615384615,8.0,3669.0,136.0,458.625,14.0,0.0,1
17811,7831.03,9.212976470588234,4.0,0.11818181818181818,39.0,4176.0,850.0,107.07692307692308,9.179487179487179,49.0,1
14321,1530.75,12.445121951219512,10.0,0.015432098765432098,5.0,2406.0,123.0,481.2,22.2,0.0,1
16303,5360.63,33.09030864197531,25.0,0.009708737864077669,3.0,2659.0,162.0,886.3333333333334,39.666666666666664,38.0,1
17365,4796.52,10.270920770877945,12.0,0.024922118380062305,8.0,4765.0,467.0,595.625,34.625,0.0,1
15189,16225.39,76.53485849056604,1.0,0.12349397590361445,41.0,6149.0,212.0,149.97560975609755,1.951219512195122,114.0,1
15749,44534.3,4453.43,235.0,0.030612244897959183,3.0,18028.0,10.0,6009.333333333333,1.6666666666666667,9014.0,1
13784,2462.79,79.44483870967741,9.0,0.033950617283950615,11.0,2493.0,31.0,226.63636363636363,0.8181818181818182,0.0,1
19390,5032.29,39.938809523809525,332.0,1.0,1.0,1258.0,126.0,1258.0,126.0,0.0,1
19393,3316.84,7.226230936819173,331.0,1.0,1.0,1329.0,459.0,1329.0,459.0,0.0,1
16655,3794.52,14.538390804597702,17.0,0.01904761904761905,6.0,2367.0,261.0,394.5,34.666666666666664,0.0,1
15939,6115.01,80.46065789473684,89.0,0.06172839506172839,15.0,4728.0,76.0,315.2,1.8666666666666667,3.0,1
12437,4447.41,24.17070652173913,1.0,0.054380664652567974,18.0,2894.0,184.0,160.77777777777777,6.5,5.0,1
19396,3238.0699999999997,7.76515587529976,331.0,1.0,1.0,1390.0,417.0,1390.0,417.0,0.0,1
17364,4481.18,10.903114355231144,0.0,0.03313253012048193,11.0,2701.0,411.0,245.54545454545453,26.181818181818183,21.0,1
12490,4859.93,20.680553191489363,5.0,0.03076923076923077,10.0,3033.0,235.0,303.3,13.0,0.0,1
14329,5014.84,19.362316602316604,17.0,0.022364217252396165,7.0,3095.0,259.0,442.14285714285717,31.142857142857142,20.0,1
16401,4098.32,22.033978494623653,1.0,0.03669724770642202,12.0,3882.0,186.0,323.5,5.5,23.0,1
13700,2265.12,11.498071065989848,26.0,0.033112582781456956,10.0,2304.0,197.0,230.4,13.9,0.0,1
16843,10196.57,26.97505291005291,42.0,0.055944055944055944,16.0,10159.0,378.0,634.9375,14.125,5.0,1
12626,5954.48,20.892912280701754,23.0,0.029605263157894735,9.0,3416.0,285.0,379.55555555555554,25.666666666666668,103.0,1
13001,9818.82,28.964070796460177,4.0,0.04024767801857585,13.0,5505.0,339.0,423.46153846153845,12.76923076923077,8.0,1
14101,5976.79,170.76542857142857,73.0,0.023622047244094488,6.0,6942.0,35.0,1157.0,2.5,0.0,1
17730,5298.4800000000005,24.304954128440368,3.0,0.040123456790123455,13.0,3576.0,218.0,275.0769230769231,9.76923076923077,9.0,1
19414,3657.3199999999997,8.055770925110131,326.0,1.0,1.0,1609.0,454.0,1609.0,454.0,0.0,1
13263,7443.85,4.449402271368799,1.0,0.1076923076923077,35.0,4774.0,1673.0,136.4,12.82857142857143,0.0,1
12451,8995.52,25.483059490084987,10.0,0.015873015873015872,5.0,6574.0,353.0,1314.8,52.8,120.0,1
19432,3412.31,8.242294685990338,324.0,1.0,1.0,1430.0,414.0,1430.0,414.0,0.0,1
17602,5102.97,9.11244642857143,2.0,0.018575851393188854,6.0,4151.0,560.0,691.8333333333334,55.833333333333336,16.0,1
12637,5823.9,15.048837209302325,67.0,0.0311284046692607,8.0,2991.0,387.0,373.875,25.5,9.0,1
19443,2989.0299999999997,7.435398009950248,323.0,1.0,1.0,1252.0,402.0,1252.0,401.0,0.0,1
14895,11138.710000000001,22.366887550200804,7.0,0.07042253521126761,20.0,4851.0,498.0,242.55,13.65,28.0,1
14088,50491.81,85.7246349745331,10.0,0.04153354632587859,13.0,12665.0,589.0,974.2307692307693,29.153846153846153,72.0,1
19451,2984.4,6.972897196261682,322.0,1.0,1.0,1481.0,428.0,1481.0,428.0,0.0,1
12727,3440.7,26.065909090909088,10.0,0.022508038585209004,7.0,2068.0,132.0,295.42857142857144,15.428571428571429,12.0,1
17861,2100.8,9.463063063063064,3.0,0.025236593059936908,8.0,1988.0,222.0,248.5,21.5,20.0,1
15218,5756.89,34.680060240963854,10.0,0.03559870550161812,11.0,3329.0,166.0,302.6363636363636,7.0,0.0,1
14534,4445.4,8.581853281853281,2.0,0.056782334384858045,18.0,2046.0,518.0,113.66666666666667,18.333333333333332,122.0,1
13815,3667.36,21.198612716763005,22.0,0.013468013468013467,4.0,2540.0,173.0,635.0,32.75,3.0,1
12744,9120.39,42.42041860465116,56.0,0.015209125475285171,4.0,5234.0,215.0,1308.5,44.25,0.0,1
16133,14589.04,43.16284023668639,3.0,0.10443037974683544,33.0,8887.0,338.0,269.3030303030303,6.636363636363637,150.0,1
14049,5681.72,11.642868852459017,16.0,0.013245033112582781,4.0,3870.0,488.0,967.5,87.0,24.0,1
13098,28882.44,50.49377622377622,1.0,0.08832807570977919,28.0,15968.0,572.0,570.2857142857143,5.571428571428571,57.0,1
16767,5580.6,25.13783783783784,30.0,0.03832752613240418,11.0,4435.0,222.0,403.1818181818182,13.454545454545455,0.0,1
16523,9418.470000000001,32.477482758620695,1.0,0.06666666666666667,21.0,4265.0,290.0,203.0952380952381,7.190476190476191,32.0,1
13709,6328.05,18.833482142857143,3.0,0.04153354632587859,13.0,3516.0,336.0,270.46153846153845,18.76923076923077,15.0,1
18145,2861.55,12.94819004524887,12.0,0.013289036544850499,4.0,2625.0,221.0,656.25,43.5,0.0,1
15144,6580.44,30.324608294930872,8.0,0.05573770491803279,17.0,3050.0,217.0,179.41176470588235,7.764705882352941,24.0,1
14776,2538.3,21.694871794871798,51.0,0.04198473282442748,11.0,3134.0,117.0,284.90909090909093,4.0,446.0,1
13881,17159.52,96.40179775280899,3.0,0.06472491909385113,20.0,10118.0,178.0,505.9,3.6,56.0,1
12477,13219.74,44.065799999999996,22.0,0.02142857142857143,6.0,3653.0,300.0,608.8333333333334,31.833333333333332,33.0,1
16745,7194.3,20.152100840336136,86.0,0.0752212389380531,17.0,6735.0,357.0,396.1764705882353,8.705882352941176,8.0,1
13394,2520.02,16.258193548387098,1.0,0.025889967637540454,8.0,2392.0,155.0,299.0,15.5,176.0,1
16333,26626.8,591.7066666666667,7.0,0.07260726072607261,22.0,32184.0,45.0,1462.909090909091,0.4090909090909091,0.0,1
13871,6403.25,19.057291666666668,22.0,0.04529616724738676,13.0,2806.0,336.0,215.84615384615384,11.923076923076923,5.0,1
16938,2736.38,11.354273858921163,8.0,0.013289036544850499,4.0,2540.0,241.0,635.0,53.0,1515.0,1
12754,3010.74,47.78952380952381,235.0,0.04054054054054054,3.0,6481.0,63.0,2160.3333333333335,16.333333333333332,0.0,1
13137,3650.41,5.185241477272727,10.0,0.026755852842809364,8.0,2226.0,704.0,278.25,43.125,0.0,1
13911,2580.91,17.43858108108108,57.0,0.03571428571428571,9.0,2731.0,148.0,303.44444444444446,13.333333333333334,0.0,1
14194,11349.52,19.601934369602763,4.0,0.06885245901639345,21.0,5840.0,579.0,278.0952380952381,12.80952380952381,57.0,1
17613,4559.150000000001,14.612660256410258,22.0,0.04929577464788732,14.0,2496.0,312.0,178.28571428571428,15.071428571428571,26.0,1
17940,2238.58,124.36555555555555,49.0,0.03543307086614173,9.0,9754.0,18.0,1083.7777777777778,0.5555555555555556,0.0,1
17686,5739.46,20.06804195804196,7.0,0.02364864864864865,7.0,2478.0,286.0,354.0,29.285714285714285,0.0,1
15114,2760.56,14.012994923857867,30.0,0.03676470588235294,10.0,3096.0,197.0,309.6,13.6,0.0,1
18087,3202.9199999999996,3202.9199999999996,290.0,1.0,1.0,3906.0,1.0,3906.0,1.0,336.0,1
17512,2924.9900000000002,27.85704761904762,28.0,0.0364963503649635,10.0,2753.0,105.0,275.3,6.1,1.0,1
14676,2548.2400000000002,60.672380952380955,31.0,0.023715415019762844,6.0,2500.0,42.0,416.6666666666667,4.833333333333333,2.0,1
13381,3639.31,21.15877906976744,31.0,0.022388059701492536,6.0,2029.0,172.0,338.1666666666667,12.833333333333334,2.0,1
12455,2339.86,27.527764705882355,73.0,0.022321428571428572,5.0,2084.0,85.0,416.8,16.8,0.0,1
16126,6287.77,53.741623931623934,29.0,0.014925373134328358,4.0,2125.0,117.0,531.25,14.25,0.0,1
14609,601.56,150.39,72.0,0.017777777777777778,4.0,7026.0,4.0,1756.5,0.5,0.0,1
17422,1979.37,16.917692307692306,16.0,0.021352313167259787,6.0,2253.0,117.0,375.5,15.5,58.0,1
12362,4737.23,18.5048046875,3.0,0.034129692832764506,10.0,2197.0,256.0,219.7,20.0,17.0,1
13018,7277.7,15.890174672489083,16.0,0.1,28.0,5435.0,458.0,194.10714285714286,11.178571428571429,1.0,1
15382,5955.71,19.7208940397351,14.0,0.02127659574468085,6.0,4012.0,302.0,668.6666666666666,32.166666666666664,9.0,1
15903,5126.76,69.28054054054054,9.0,0.024390243902439025,7.0,2410.0,74.0,344.2857142857143,6.571428571428571,1.0,1
15228,3386.71,27.09368,66.0,0.017467248908296942,4.0,2255.0,125.0,563.75,27.5,3.0,1
16182,6617.65,236.34464285714284,72.0,0.017937219730941704,4.0,3791.0,28.0,947.75,4.25,0.0,1
12714,4294.86,16.908897637795274,9.0,0.017482517482517484,5.0,3046.0,254.0,609.2,43.0,0.0,1
18172,7561.68,40.00888888888889,14.0,0.07246376811594203,20.0,3184.0,189.0,159.2,5.0,14.0,1
18094,3017.3,43.104285714285716,81.0,0.03317535545023697,7.0,2518.0,70.0,359.7142857142857,5.571428571428571,0.0,1
13285,2709.12,14.487272727272726,23.0,0.014925373134328358,4.0,2051.0,187.0,512.75,39.25,0.0,1
16394,1555.34,18.73903614457831,56.0,0.021367521367521368,5.0,2604.0,83.0,520.8,12.2,287.0,1
16940,3049.88,9.99960655737705,52.0,0.012605042016806723,3.0,2169.0,305.0,723.0,75.33333333333333,0.0,1
15932,2495.87,21.703217391304346,4.0,0.027972027972027972,8.0,2325.0,115.0,290.625,11.625,14.0,1
14004,4582.64,26.799064327485382,43.0,0.028455284552845527,7.0,2668.0,171.0,381.14285714285717,14.571428571428571,0.0,1
17139,10668.47,22.31897489539749,15.0,0.043795620437956206,12.0,5182.0,478.0,431.8333333333333,25.75,19.0,1
15974,3442.15,19.557670454545455,39.0,0.028,7.0,2262.0,176.0,323.14285714285717,20.142857142857142,6.0,1
16592,4113.68,19.044814814814817,4.0,0.056338028169014086,16.0,2927.0,216.0,182.9375,8.875,13.0,1
16841,1869.82,16.119137931034484,36.0,0.023809523809523808,6.0,2250.0,116.0,375.0,16.833333333333332,16.0,1
15874,4405.88,36.71566666666667,63.0,0.03153153153153153,7.0,2534.0,120.0,362.0,15.714285714285714,28.0,1
16187,6911.4400000000005,23.428610169491527,31.0,0.05905511811023622,15.0,5048.0,295.0,336.53333333333336,10.666666666666666,44.0,1
14056,8214.65,7.427350813743218,1.0,0.08098591549295775,23.0,4273.0,1106.0,185.7826086956522,13.91304347826087,39.0,1
12428,6405.26,22.317979094076655,25.0,0.03088803088803089,8.0,3509.0,287.0,438.625,32.0,32.0,1
15676,3435.76,17.00871287128713,18.0,0.011278195488721804,3.0,2252.0,202.0,750.6666666666666,63.666666666666664,21.0,1
15416,3984.32,20.75166666666667,64.0,0.0182648401826484,4.0,2090.0,192.0,522.5,41.25,1.0,1
16678,3109.99,19.07969325153374,2.0,0.042704626334519574,12.0,2397.0,163.0,199.75,7.666666666666667,27.0,1
17426,5037.26,18.58767527675277,8.0,0.02181818181818182,6.0,3094.0,271.0,515.6666666666666,29.833333333333332,12.0,1
17416,6893.42,25.626096654275095,29.0,0.02766798418972332,7.0,4302.0,269.0,614.5714285714286,26.571428571428573,36.0,1
17652,4867.72,18.794285714285714,25.0,0.04669260700389105,12.0,2509.0,259.0,209.08333333333334,9.833333333333334,30.0,1
17107,10815.43,25.874234449760767,33.0,0.024390243902439025,6.0,4837.0,418.0,806.1666666666666,44.833333333333336,300.0,1
19787,5307.65,44.23041666666666,277.0,1.0,1.0,1365.0,120.0,1365.0,119.0,0.0,1
15764,3279.97,18.222055555555553,88.0,0.031746031746031744,6.0,2050.0,180.0,341.6666666666667,25.0,14.0,1
13340,10736.48,80.12298507462687,45.0,0.03017241379310345,7.0,5770.0,134.0,824.2857142857143,18.285714285714285,0.0,1
12758,2791.59,28.779278350515465,116.0,0.012422360248447204,2.0,2135.0,97.0,1067.5,42.0,0.0,1
14367,9261.52,17.67465648854962,8.0,0.05947955390334572,16.0,4438.0,524.0,277.375,16.875,28.0,1
17049,5659.9800000000005,17.79867924528302,2.0,0.032846715328467155,9.0,2676.0,318.0,297.3333333333333,22.333333333333332,7.0,1
14936,8137.02,22.35445054945055,33.0,0.03292181069958848,8.0,4085.0,364.0,510.625,26.25,2.0,1
14291,3883.25,16.385021097046412,1.0,0.04,11.0,2749.0,237.0,249.9090909090909,13.181818181818182,1.0,1
15632,3285.31,19.67251497005988,15.0,0.03076923076923077,8.0,2109.0,167.0,263.625,13.375,60.0,1
13654,2707.33,16.30921686746988,43.0,0.025974025974025976,6.0,2182.0,166.0,363.6666666666667,26.166666666666668,0.0,1
16652,6773.97,57.406525423728816,58.0,0.032407407407407406,7.0,3283.0,118.0,469.0,10.571428571428571,16.0,1
15125,11528.48,90.77543307086614,25.0,0.06097560975609756,15.0,6193.0,127.0,412.8666666666667,6.8,202.0,1
12901,17654.54,152.19431034482758,8.0,0.10646387832699619,28.0,23075.0,116.0,824.1071428571429,1.0714285714285714,1776.0,1
15150,5314.47,15.494081632653062,17.0,0.039525691699604744,10.0,3658.0,343.0,365.8,28.2,25.0,1
12597,3195.22,15.817920792079207,19.0,0.016,4.0,2214.0,202.0,553.5,45.75,49.0,1
12435,7829.89,217.49694444444447,79.0,0.010582010582010581,2.0,2055.0,36.0,1027.5,15.5,0.0,1
12955,4757.16,26.428666666666665,1.0,0.04119850187265917,11.0,3664.0,180.0,333.09090909090907,7.363636363636363,22.0,1
17716,5655.99,23.085673469387753,22.0,0.044715447154471545,11.0,3072.0,245.0,279.27272727272725,15.545454545454545,68.0,1
13268,3192.65,7.27255125284738,17.0,0.0398406374501992,10.0,3582.0,439.0,358.2,25.6,23.0,1
14422,4263.64,19.205585585585588,0.0,0.022388059701492536,6.0,2906.0,222.0,484.3333333333333,31.5,0.0,1
17725,3439.08,17.911875,16.0,0.04365079365079365,11.0,2162.0,192.0,196.54545454545453,10.454545454545455,21.0,1
15861,3165.36,5.797362637362638,12.0,0.03125,8.0,2544.0,546.0,318.0,42.375,1.0,1
14110,5683.15,36.66548387096774,3.0,0.045454545454545456,12.0,2445.0,155.0,203.75,7.833333333333333,2.0,1
16672,8134.9400000000005,71.35912280701754,2.0,0.07547169811320754,20.0,2832.0,114.0,141.6,1.1,2.0,1
16626,4413.1,24.65418994413408,0.0,0.06367041198501873,17.0,2690.0,179.0,158.23529411764707,5.0588235294117645,20.0,1
17133,4892.240000000001,181.1940740740741,15.0,0.027777777777777776,7.0,2730.0,27.0,390.0,1.8571428571428572,0.0,1
13985,7060.13,20.229598853868197,4.0,0.05747126436781609,15.0,3445.0,349.0,229.66666666666666,7.2,8.0,1
16308,2560.0,640.0,37.0,0.017777777777777778,4.0,8000.0,4.0,2000.0,0.25,0.0,1
14607,15021.5,192.58333333333334,15.0,0.048582995951417005,12.0,10734.0,78.0,894.5,3.0833333333333335,3768.0,1
17966,1098.43,16.15338235294118,37.0,0.022222222222222223,5.0,2571.0,68.0,514.2,10.6,0.0,1
13139,5064.94,29.79376470588235,16.0,0.028688524590163935,7.0,2425.0,170.0,346.42857142857144,18.857142857142858,7.0,1
15249,6688.46,19.109885714285713,31.0,0.05752212389380531,13.0,3577.0,350.0,275.15384615384613,16.23076923076923,20.0,1
17719,5396.04,19.693576642335767,37.0,0.0684931506849315,15.0,2466.0,274.0,164.4,7.4,11.0,1
16253,3683.86,29.95008130081301,66.0,0.010526315789473684,2.0,3233.0,123.0,1616.5,57.0,0.0,1
13588,2478.95,14.246839080459768,15.0,0.03734439834024896,9.0,2606.0,174.0,289.55555555555554,14.555555555555555,32.0,1
20055,21389.6,154.99710144927536,255.0,1.0,1.0,5963.0,138.0,5963.0,138.0,0.0,1
13988,4147.96,17.726324786324785,19.0,0.025423728813559324,6.0,3044.0,234.0,507.3333333333333,31.333333333333332,19.0,1
13316,5977.7300000000005,68.70954022988506,37.0,0.01834862385321101,4.0,6948.0,87.0,1737.0,16.5,0.0,1
12619,2945.56,35.92146341463415,16.0,0.03361344537815126,8.0,3360.0,82.0,420.0,6.0,23.0,1
16609,5493.46,19.903840579710145,15.0,0.029411764705882353,7.0,2420.0,276.0,345.7142857142857,22.142857142857142,10.0,1
16180,10254.18,63.29740740740741,100.0,0.05228758169934641,8.0,5867.0,162.0,733.375,11.25,14.0,1
12949,4167.22,19.382418604651164,30.0,0.03587443946188341,8.0,2381.0,215.0,297.625,20.75,18.0,1
17758,3456.7000000000003,8.390048543689321,19.0,0.034482758620689655,8.0,2091.0,412.0,261.375,38.75,0.0,1
18272,3078.58,18.54566265060241,2.0,0.024489795918367346,6.0,2050.0,166.0,341.6666666666667,16.5,6.0,1
14286,4628.75,16.53125,23.0,0.013636363636363636,3.0,4338.0,280.0,1446.0,73.33333333333333,32.0,1
15251,10484.99,94.45936936936937,9.0,0.04721030042918455,11.0,6171.0,111.0,561.0,8.818181818181818,87.0,1
17160,3518.03,15.362576419213974,31.0,0.02843601895734597,6.0,2856.0,229.0,476.0,18.5,0.0,1
16729,7236.6,10.981183611532625,38.0,0.10294117647058823,21.0,5779.0,659.0,275.1904761904762,11.095238095238095,12.0,1
18079,3651.97,28.75566929133858,45.0,0.020618556701030927,4.0,7432.0,127.0,1858.0,24.75,0.0,1
13505,3633.63,17.220995260663507,72.0,0.024844720496894408,4.0,2467.0,211.0,616.75,45.25,25.0,1
14191,4684.76,18.08787644787645,1.0,0.05909090909090909,13.0,3662.0,259.0,281.6923076923077,11.153846153846153,5.0,1
16258,5203.51,38.54451851851852,45.0,0.02857142857142857,5.0,2994.0,135.0,598.8,22.2,0.0,1
14005,2874.72,34.22285714285714,9.0,0.024154589371980676,5.0,2478.0,84.0,495.6,10.6,0.0,1
12700,4525.99,17.143901515151516,7.0,0.019138755980861243,4.0,2944.0,264.0,736.0,48.0,0.0,1
16440,3640.67,12.91017730496454,7.0,0.02403846153846154,5.0,2018.0,282.0,403.6,37.2,0.0,1
12590,9341.26,139.4217910447761,211.0,1.0,1.0,4282.0,67.0,4282.0,67.0,4.0,1
12757,4199.2,11.504657534246574,15.0,0.04568527918781726,9.0,2394.0,365.0,266.0,26.11111111111111,12.0,1
20623,1966.16,21.141505376344085,210.0,1.0,1.0,1262.0,93.0,1262.0,93.0,0.0,1
16818,3349.57,17.81686170212766,10.0,0.05612244897959184,11.0,2164.0,188.0,196.72727272727272,15.636363636363637,2.0,1
13555,4149.28,30.50941176470588,73.0,0.031007751937984496,4.0,2660.0,136.0,665.0,32.0,0.0,1
15804,4206.39,16.05492366412214,0.0,0.06532663316582915,13.0,2565.0,262.0,197.30769230769232,13.076923076923077,52.0,1
18073,3877.5200000000004,53.11671232876713,114.0,0.14285714285714285,12.0,3108.0,73.0,259.0,1.9166666666666667,10.0,1
13135,3096.0,3096.0,196.0,1.0,1.0,4300.0,1.0,4300.0,1.0,0.0,1
12473,2596.23,16.125652173913043,53.0,0.02158273381294964,3.0,2419.0,161.0,806.3333333333334,46.0,71.0,1
13435,3809.8900000000003,37.72168316831684,5.0,0.03783783783783784,7.0,2129.0,101.0,304.14285714285717,9.714285714285714,4.0,1
15152,4745.69,17.511771217712177,9.0,0.07262569832402235,13.0,2704.0,271.0,208.0,15.076923076923077,10.0,1
17414,778.0,129.66666666666666,43.0,0.014084507042253521,2.0,2100.0,6.0,1050.0,2.5,0.0,1
14132,3586.0299999999997,17.930149999999998,2.0,0.06043956043956044,11.0,3368.0,200.0,306.1818181818182,9.090909090909092,2.0,1
12409,11072.67,101.58412844036697,78.0,0.02857142857142857,3.0,5551.0,109.0,1850.3333333333333,30.333333333333332,8.0,1
14503,3543.26,21.605243902439025,3.0,0.03409090909090909,6.0,2004.0,164.0,334.0,18.833333333333332,0.0,1
13384,4151.93,27.315328947368425,30.0,0.04697986577181208,7.0,2422.0,152.0,346.0,17.571428571428573,7.0,1
17651,3945.0,17.004310344827587,11.0,0.059880239520958084,10.0,3112.0,232.0,311.2,14.9,12.0,1
17444,2389.1,17.82910447761194,151.0,0.09090909090909091,2.0,2118.0,134.0,1059.0,65.5,0.0,1
14808,2741.17,11.664553191489363,39.0,0.05970149253731343,8.0,2147.0,235.0,268.375,22.0,92.0,1
12830,6814.64,179.33263157894737,37.0,0.044444444444444446,6.0,9848.0,38.0,1641.3333333333333,2.1666666666666665,0.0,1
12798,6977.04,872.13,10.0,0.018633540372670808,3.0,5256.0,8.0,1752.0,2.0,0.0,1
17750,1781.28,9.32607329842932,5.0,0.05625,9.0,3906.0,191.0,434.0,11.11111111111111,0.0,1
17997,1970.6699999999998,11.871506024096385,74.0,0.08791208791208792,8.0,2298.0,166.0,287.25,16.625,198.0,1
21081,7847.429999999999,11.146917613636363,163.0,1.0,1.0,4136.0,704.0,4136.0,703.0,0.0,1
21089,2697.68,6.970749354005168,162.0,1.0,1.0,1409.0,387.0,1409.0,387.0,0.0,1
21135,3602.4,7.780561555075594,157.0,1.0,1.0,1561.0,463.0,1561.0,462.0,0.0,1
21136,3341.25,6.875,157.0,1.0,1.0,1371.0,486.0,1371.0,486.0,0.0,1
15505,3610.96,37.22639175257732,52.0,0.04807692307692308,5.0,2390.0,97.0,478.0,18.0,42.0,1
14456,3059.44,3.160578512396694,5.0,0.06521739130434782,9.0,2871.0,968.0,319.0,64.33333333333333,6.0,1
21289,2837.0299999999997,6.318552338530067,142.0,1.0,1.0,1344.0,449.0,1344.0,448.0,0.0,1
21309,3458.29,7.91370709382151,140.0,1.0,1.0,1560.0,437.0,1560.0,437.0,0.0,1
12627,4082.53,18.225580357142857,10.0,0.04580152671755725,6.0,2730.0,224.0,455.0,26.833333333333332,0.0,1
15372,2007.3999999999999,74.34814814814814,137.0,1.0,1.0,2924.0,27.0,2924.0,27.0,0.0,1
16984,4481.35,11.010687960687962,88.0,0.046511627906976744,2.0,2423.0,407.0,1211.5,177.0,15.0,1
12378,4008.62,18.30420091324201,129.0,1.0,1.0,2529.0,219.0,2529.0,219.0,0.0,1
21484,12172.09,34.579801136363635,120.0,1.0,1.0,2500.0,352.0,2500.0,352.0,0.0,1
15786,4932.2,18.47265917602996,46.0,0.043478260869565216,3.0,3364.0,267.0,1121.3333333333333,85.66666666666667,33.0,1
12688,4873.8099999999995,28.501812865497072,113.0,1.0,1.0,3028.0,171.0,3028.0,171.0,0.0,1
13644,2624.26,17.974383561643837,16.0,0.044444444444444446,4.0,2067.0,146.0,516.75,36.0,7.0,1
14096,53258.43,10.453077526987242,4.0,0.17346938775510204,17.0,16336.0,5095.0,960.9411764705883,65.76470588235294,0.0,1
13949,2427.32,15.170750000000002,2.0,0.06451612903225806,6.0,2474.0,160.0,412.3333333333333,20.666666666666668,0.0,1
14432,2255.51,5.904476439790576,9.0,0.07407407407407407,6.0,2070.0,382.0,345.0,42.666666666666664,0.0,1
16360,3512.53,5.305936555891239,4.0,0.07058823529411765,6.0,2144.0,662.0,357.3333333333333,60.833333333333336,16.0,1
18251,4314.72,269.67,87.0,1.0,1.0,7824.0,16.0,7824.0,16.0,0.0,1
12752,4366.78,82.3920754716981,81.0,1.0,1.0,2262.0,53.0,2262.0,53.0,0.0,1
15484,3594.31,19.118670212765956,1.0,0.05128205128205128,4.0,3152.0,188.0,788.0,33.75,16.0,1
13536,3448.29,19.264189944134078,1.0,0.09333333333333334,7.0,2136.0,179.0,305.14285714285717,13.0,0.0,1
17528,3628.5,14.34189723320158,1.0,0.11267605633802817,8.0,2138.0,253.0,267.25,22.875,8.0,1
13422,2626.3,20.67952755905512,64.0,1.0,1.0,1326.0,127.0,1326.0,127.0,5.0,1
17509,6115.14,16.708032786885248,57.0,1.1428571428571428,8.0,3534.0,366.0,441.75,9.375,4.0,1
13685,3119.44,79.98564102564103,2.0,0.11864406779661017,7.0,5056.0,39.0,722.2857142857143,4.142857142857143,0.0,1
17203,3563.85,23.446381578947367,35.0,0.23076923076923078,6.0,2850.0,152.0,475.0,19.333333333333332,0.0,1
14121,2780.15,17.485220125786164,3.0,0.07017543859649122,4.0,2082.0,159.0,520.5,37.0,4.0,1
12536,4279.71,16.523976833976835,59.0,1.0,1.0,2801.0,259.0,2801.0,259.0,129.0,1
14547,4007.54,10.949562841530055,3.0,0.15384615384615385,8.0,2668.0,366.0,333.5,24.75,10.0,1
15113,3608.94,36.45393939393939,9.0,0.06521739130434782,3.0,2385.0,99.0,795.0,25.333333333333332,24.0,1
12398,1435.66,17.091190476190476,45.0,1.0,1.0,1389.0,84.0,1389.0,84.0,0.0,1
15993,2788.87,5.061470054446461,8.0,0.1891891891891892,7.0,2045.0,551.0,292.14285714285717,47.714285714285715,9.0,1
22221,14855.529999999999,13.34728661275831,39.0,1.0,1.0,5197.0,1113.0,5197.0,1109.0,0.0,1
12357,6207.67,47.38679389312977,33.0,1.0,1.0,2708.0,131.0,2708.0,131.0,0.0,1
22312,52940.94,524.1677227722772,32.0,1.0,1.0,14149.0,101.0,14149.0,101.0,0.0,1
22323,3935.1,7.611411992263056,31.0,1.0,1.0,1402.0,517.0,1402.0,517.0,0.0,1
22327,4104.8,7.985992217898833,30.0,1.0,1.0,1250.0,514.0,1250.0,514.0,0.0,1
22351,3843.4,7.990436590436591,28.0,1.0,1.0,1286.0,481.0,1286.0,481.0,0.0,1
22355,4116.75,8.20069721115538,28.0,1.0,1.0,1358.0,502.0,1358.0,502.0,0.0,1
22383,50653.91,511.6556565656566,25.0,1.0,1.0,13956.0,99.0,13956.0,99.0,0.0,1
22412,4449.72,7.5164189189189194,24.0,1.0,1.0,1543.0,592.0,1543.0,592.0,0.0,1
22413,4287.73,7.781724137931033,24.0,1.0,1.0,1305.0,551.0,1305.0,551.0,0.0,1
22436,5370.14,9.195445205479453,23.0,1.0,1.0,1687.0,584.0,1687.0,584.0,0.0,1
22438,4674.63,8.624778597785978,23.0,1.0,1.0,1330.0,542.0,1330.0,541.0,0.0,1
22441,4522.75,7.920753064798599,22.0,1.0,1.0,1360.0,571.0,1360.0,571.0,0.0,1
22458,7043.69,74.93287234042553,21.0,1.0,1.0,1457.0,94.0,1457.0,86.0,0.0,1
22476,5378.45,9.604375,21.0,1.0,1.0,1620.0,560.0,1620.0,560.0,0.0,1
18139,8438.34,53.07132075471698,17.0,3.0,6.0,5557.0,159.0,926.1666666666666,5.833333333333333,0.0,1
22493,6167.53,72.55917647058823,17.0,1.0,1.0,1242.0,85.0,1242.0,78.0,0.0,1
22511,3925.73,7.962941176470588,17.0,1.0,1.0,1377.0,493.0,1377.0,493.0,0.0,1
22527,5422.26,8.731497584541064,15.0,1.0,1.0,1602.0,621.0,1602.0,621.0,0.0,1
22528,4882.25,8.069834710743802,15.0,1.0,1.0,1513.0,605.0,1513.0,598.0,0.0,1
22558,4443.63,8.561907514450867,14.0,1.0,1.0,1255.0,519.0,1255.0,519.0,0.0,1
22571,4698.98,8.701814814814814,11.0,1.0,1.0,1401.0,540.0,1401.0,538.0,0.0,1
22584,5072.32,8.790849220103986,10.0,1.0,1.0,1516.0,577.0,1516.0,577.0,0.0,1
22585,4168.8,8.304382470119522,10.0,1.0,1.0,1344.0,502.0,1344.0,502.0,0.0,1
22611,5880.64,8.572361516034986,9.0,1.0,1.0,1762.0,686.0,1762.0,686.0,0.0,1
22619,6179.65,9.610653188180404,8.0,1.0,1.0,1986.0,643.0,1986.0,643.0,0.0,1
22629,5933.15,9.141987673343605,7.0,1.0,1.0,1871.0,649.0,1871.0,649.0,0.0,1
22663,7848.73,10.901013888888889,4.0,1.0,1.0,2455.0,720.0,2455.0,720.0,0.0,1
22664,6024.97,9.114931921331317,4.0,1.0,1.0,1857.0,661.0,1857.0,660.0,0.0,1
22671,5377.65,8.56313694267516,3.0,1.0,1.0,1650.0,628.0,1650.0,628.0,0.0,1
16000,12393.7,1377.0777777777778,2.0,3.0,3.0,5110.0,9.0,1703.3333333333333,3.0,0.0,1
22695,6083.95,9.013259259259259,1.0,1.0,1.0,1852.0,675.0,1852.0,675.0,0.0,1
22696,7150.07,9.558917112299465,1.0,1.0,1.0,2150.0,748.0,2150.0,748.0,0.0,1
22706,5699.0,8.988958990536277,1.0,1.0,1.0,1747.0,634.0,1747.0,634.0,0.0,1
22707,6756.0599999999995,9.254876712328766,0.0,1.0,1.0,2010.0,730.0,2010.0,730.0,0.0,1
